{
  "products": [
    {
      "id": 1,
      "name": "Product 1",
      "description": "This product is not yet ready for sale.",
      "price": 0.63,
      "image": "https://telegra.ph/file/c8df8cd1c4648eca53314.jpg"
        },
    {
      "id": 2,
      "name": "Product 2",
      "description": "This product is not yet ready for sale.",
      "price": 29.99,
      "image": "https://telegra.ph/file/c8df8cd1c4648eca53314.jpg"
        },
    {
      "id": 3,
      "name": "Product 3",
      "description": "This product is not yet ready for sale.",
      "price": 39.99,
      "image": "https://telegra.ph/file/c8df8cd1c4648eca53314.jpg"
        },
    {
      "id": 4,
      "name": "Product 4",
      "description": "This product is not yet ready for sale.",
      "price": 49.99,
      "image": "https://telegra.ph/file/c8df8cd1c4648eca53314.jpg"
        },
    {
      "id": 5,
      "name": "Product 5",
      "description": "This product is not yet ready for sale.",
      "price": 59.99,
      "image": "https://telegra.ph/file/c8df8cd1c4648eca53314.jpg"
        },
    {
      "id": 6,
      "name": "Product 6",
      "description": "This product is not yet ready for sale.",
      "price": 69.99,
      "image": "https://telegra.ph/file/c8df8cd1c4648eca53314.jpg"
        }
    ]
}